Feature,Mutual Information
VentricularRate,1.0128436875329072
AtrialRate,0.9890340755531717
QRSCount,0.931501290110353
QTInterval,0.5262543368225479
TOffset,0.4922296154840953
QTCorrected,0.1843694316827893
PatientAge,0.15650112129065796
TAxis,0.13343415142098713
QRSDuration,0.07049906433933195
RAxis,0.04787949471444941
QOnset,0.039083855526327316
QOffset,0.03825169788839533
