Feature,Importance
VentricularRate,0.24361056020687222
AtrialRate,0.22691599544988167
QRSCount,0.13173191857766958
PatientAge,0.077835373843862
QTInterval,0.068088050517569
TAxis,0.05368129827457557
TOffset,0.044079264368365345
QTCorrected,0.043102450782995336
RAxis,0.03467108754519358
QRSDuration,0.027686909759640055
QOffset,0.025481432473983715
QOnset,0.023115658199391962
